1.wav|Tiếng chuông báo giờ vào lớp vang lên, xé tan bầu không khí tĩnh lặng của ngôi trường chuyên danh tiếng nhất thành phố.
2.wav|Trong hành lang lát gạch men bóng loáng, thầy Duy hít một hơi thật sâu, chỉnh lại cổ áo sơ mi trắng tinh khôi trước khi bước vào văn phòng hội đồng.
3.wav|Thầy Duy năm nay vừa tròn hai mươi bốn tuổi.
4.wav|Với tấm bằng tốt nghiệp loại ưu trên tay, thầy mang theo tất cả sự nhiệt huyết và cả một chút ngây ngô của một người trẻ lần đầu đứng trên bục giảng.
5.wav|Nhưng sự hào hứng ấy nhanh chóng bị dội một gáo nước lạnh khi thầy nhận được danh sách lớp chủ nhiệm. Giọng đọc được tạo bởi Vbee.vn
6.wav|"Lớp 12A4 là lớp chọn, nhưng thầy Duy cần lưu ý một trường hợp đặc biệt," cô hiệu phó đẩy gọng kính, giọng nói nghiêm nghị không chút cảm xúc.
7.wav|"Học sinh An Nhiên.
8.wav|Một thành phần cá biệt làm ảnh hưởng đến thành tích chung.
9.wav|Nếu không thể uốn nắn, thầy cứ việc báo cáo để nhà trường có biện pháp xử lý mạnh tay."
10.wav|Thầy Duy khẽ gật đầu, nhưng trong lòng lại dấy lên một sự tò mò lạ kỳ.
11.wav|"Thành phần cá biệt" ở một ngôi trường mà mỗi học sinh đều là một cỗ máy học tập hoàn hảo thì sẽ trông như thế nào?
12.wav|Cánh cửa lớp 12A4 mở ra.
13.wav|Bốn mươi cặp mắt đổ dồn về phía người thầy giáo trẻ.
14.wav|Không gian yên tĩnh đến mức có thể nghe thấy tiếng gió thổi qua khe cửa sổ.
15.wav|Thầy Duy mỉm cười, giọng nói ấm áp vang lên:
16.wav|"Chào cả lớp, thầy là Duy, sẽ đồng hành cùng các em trong môn Văn và cũng là giáo viên chủ nhiệm mới của lớp mình."
17.wav|Trong khi các học sinh khác nhanh chóng mở sách vở, ngồi ngay ngắn thì ở góc cuối lớp, cạnh cửa sổ, có một bóng dáng đang gục mặt xuống bàn.
18.wav|Một chiếc áo khoác đen trùm kín đầu, hoàn toàn tách biệt với những bộ đồng phục phẳng phiu xung quanh.
19.wav|Đó chính là An Nhiên.
20.wav|Thầy Duy chậm rãi bước xuống phía cuối lớp. giải pháp chuyển văn bản thành giọng nói hàng đầu Việt Nam từ Vbee.vn
21.wav|Tiếng xì xào bắt đầu nổi lên.
22.wav|Có học sinh khẽ mỉa mai: "Thầy đừng phí công, bạn ấy lúc nào chẳng ngủ."
23.wav|Thầy Duy không hề nổi giận.
24.wav|Thay vì đập bàn hay quát tháo như cách những giáo viên khác thường làm để khẳng định uy quyền, thầy chỉ đứng yên đó một lát.
25.wav|Thầy quan sát thấy đôi vai của An Nhiên khẽ run lên, dường như cô học trò này không phải đang ngủ, mà đang cố gắng trốn tránh một điều gì đó từ thế giới bên ngoài.
26.wav|Thầy Duy đưa tay, gõ nhẹ ba nhịp xuống mặt bàn gỗ.
27.wav|Âm thanh vừa đủ nghe, không hề mang tính đe dọa.
28.wav|"An Nhiên, nắng chiều hôm nay rất đẹp, nếu em cứ nhắm mắt thì sẽ lỡ mất khoảnh khắc đẹp nhất của ngày đấy."
29.wav|An Nhiên từ từ ngẩng đầu lên.
30.wav|Gương mặt cô học trò hiện ra sau lớp tóc mái lòa xòa.
31.wav|Đó là một khuôn mặt thanh tú nhưng đôi mắt lại chứa đựng sự lạnh lẽo và bất cần đến đáng sợ.
32.wav|Cô nhìn thầy Duy, không phải ánh mắt sợ hãi của một học sinh mắc lỗi, mà là cái nhìn dò xét, đầy vẻ thách thức.
33.wav|"Thầy mới đến thì nên lo dạy đi, quan tâm tôi làm gì?" An Nhiên buông một câu cộc lốc rồi lại quay mặt nhìn ra cửa sổ, nơi những tán phượng già đang xào xạc. Giọng đọc được tạo bởi Vbee.vn
34.wav|Cả lớp nín thở chờ đợi một cơn lôi đình từ thầy giáo trẻ.
35.wav|Nhưng thầy Duy chỉ mỉm cười, một nụ cười hiền lành và bao dung.
36.wav|"Thầy quan tâm vì em là học sinh của thầy.
37.wav|Thầy hy vọng trong giờ Văn của thầy, em không cần phải gồng mình lên để làm một ai đó khác.
38.wav|Chỉ cần là chính em thôi cũng được."
39.wav|Thầy Duy quay trở lại bục giảng, bắt đầu bài dạy về vẻ đẹp của ngôn từ.
40.wav|Thầy nói về việc ngôn ngữ không chỉ là những con chữ khô khan trên mặt giấy, mà là công cụ để con người thấu hiểu và bảo vệ lẫn nhau. trải nghiệm công nghệ giọng nói AI tại Vbee.vn
41.wav|Ở góc lớp, An Nhiên vẫn nhìn ra cửa sổ, nhưng bàn tay dưới gầm bàn của cô đang siết chặt lấy chiếc bút bi.
42.wav|Đôi mắt lạnh lùng ấy thoáng qua một tia dao động rất nhỏ.
43.wav|Cô học trò cá biệt ấy không hề biết rằng, người thầy giáo trẻ này chính là người đầu tiên nhìn thấy sự tồn tại của cô không phải như một "vết đen" trên bảng thành tích, mà như một con người cần được lắng nghe.
44.wav|Buổi học đầu tiên kết thúc trong sự ngỡ ngàng của tập thể 12A4. trải nghiệm công nghệ giọng nói AI tại Vbee.vn
45.wav|Thầy Duy thu dọn giáo án, không quên nhìn về phía An Nhiên một lần cuối trước khi rời lớp.
46.wav|Thầy biết, phía sau vẻ ngoài gai góc kia là một bí mật nào đó đang chờ được hé mở.
47.wav|Và hành trình của thầy tại ngôi trường này, chỉ mới chính thức bắt đầu từ khoảnh khắc ánh mắt hai thầy trò chạm nhau.
48.wav|Ánh đèn bàn tỏa ra một vùng sáng vàng vọt, bao trùm lên chồng bài tập làm văn dày cộp trên bàn làm việc của thầy Duy.
49.wav|Đêm đã về khuya, không gian tĩnh lặng đến mức thầy có thể nghe thấy tiếng tích tắc đều đặn của chiếc đồng hồ treo tường và tiếng gió lùa qua khe cửa sổ.
50.wav|Chủ đề thầy đưa ra cho lớp 12A4 là "Ước mơ và khát vọng tuổi trẻ".
51.wav|Thầy Duy lật qua từng trang giấy trắng tinh, thơm mùi mực mới.
52.wav|Đa số học sinh đều viết về những hoài bão rực rỡ: trở thành bác sĩ, kỹ sư, hay những doanh nhân thành đạt.
53.wav|Những dòng chữ ngay ngắn, những lời văn chau chuốt, tròn trịa nhưng lại có phần rập khuôn, thiếu đi cái hồn cốt thật sự của cảm xúc.
54.wav|Thầy Duy khẽ thở dài, cho đến khi thầy chạm tay vào một cuốn tập có bìa màu xanh thẫm, cũ kỹ và hơi sờn góc.
55.wav|Trên nhãn vở ghi vỏn vẹn hai chữ: An Nhiên.
56.wav|Trái ngược hoàn toàn với vẻ ngoài lầm lì, bất cần trên lớp, nét chữ của An Nhiên lại vô cùng bay bổng nhưng đầy lực đạo.
57.wav|Thầy Duy bắt đầu đọc và ngay lập tức bị cuốn vào một thế giới hoàn toàn khác.
58.wav|An Nhiên không viết về những đóa hoa hay ánh nắng.
59.wav|Tiêu đề bài văn của cô là: "Mùi của sự mục nát".
60.wav|Trong bài, An Nhiên mô tả về một khu vườn nhìn bề ngoài thì xanh tươi, nhưng ẩn sâu dưới gốc rễ là những mầm bệnh đang âm thầm gặm nhấm.
61.wav|Cô dùng những từ ngữ sắc lẹm để chỉ trích sự giả tạo, nơi những nụ cười được trưng ra để che đậy những nỗi đau thầm kín.
62.wav|"Trong một môi trường mà sự hoàn hảo trở thành một loại áp lực, thì sự thật chính là kẻ thù của tất cả mọi người," một dòng văn khiến thầy Duy phải dừng lại, sống lưng khẽ lạnh đi.
63.wav|Đây không đơn thuần là một bài văn.
64.wav|Đây là một bản cáo trạng đầy nghệ thuật.
65.wav|Thầy Duy định đặt bút chấm điểm mười cho tư duy độc đáo này, nhưng rồi thầy chợt nhận ra một điều bất thường.
66.wav|Dưới ánh đèn vàng, thầy phát hiện có những nét gạch chân bằng bút chì rất nhạt, nhạt đến mức nếu không nhìn kỹ ở một góc nghiêng, người ta sẽ tưởng đó chỉ là những vết hằn vô ý.
67.wav|Thầy Duy lấy một tờ giấy trắng, cẩn thận chép lại những chữ cái được gạch chân ấy.
68.wav|Tim thầy đập nhanh hơn khi những mảnh ghép rời rạc bắt đầu hiện ra hình hài. Vbee.vn giải pháp text to Speak hàng đầu Việt Nam
69.wav|"C - Ứ - U - L - A - N - 1 - 2 - A - 4"
70.wav|Thầy Duy bàng hoàng nhìn lại dòng chữ mình vừa chép ra: "Cứu Lan 12A4".
71.wav|Thầy vội vã lật lại danh sách lớp.
72.wav|Lan chính là cô học trò nhỏ bé, nhút nhát thường ngồi ở dãy bàn đầu, người luôn cúi gằm mặt và không bao giờ lên tiếng trong giờ học.
73.wav|Trong bài làm văn của Lan mà thầy Duy vừa chấm lúc nãy, cô bé chỉ viết vỏn vẹn nửa trang giấy với những ý tứ rời rạc, đầy lo âu về việc "phải làm hài lòng tất cả mọi người".
74.wav|Tại sao An Nhiên lại dùng cách này để gửi thông điệp?
75.wav|Tại sao một cô gái vốn được coi là "cá biệt", "không quan tâm đến sự đời" lại bí mật kêu cứu cho một người bạn khác?
76.wav|Thầy Duy nhìn ra ngoài cửa sổ, màn đêm đen kịt che khuất những tán cây trong sân trường.
77.wav|Ngôi trường này, lớp học 12A4 này, dường như đang ẩn chứa những đợt sóng ngầm mà một người giáo viên mới ra trường như thầy chưa thể lường hết được.
78.wav|Thầy cầm bút, ghi con số mười tròn trĩnh vào bài làm của An Nhiên, nhưng kèm theo đó là một dòng nhận xét ngắn gọn: "Văn phong của em rất đặc biệt.
79.wav|Thầy đã đọc được hết những gì em muốn viết."
80.wav|Thầy Duy biết mình đang bước vào một trò chơi trí tuệ đầy nguy hiểm.
81.wav|Nhưng nhìn vào dòng chữ "Cứu Lan" trên mặt giấy, thầy hiểu rằng mình không thể đứng ngoài cuộc. tạo giọng đọc chuyên nghiệp với Vbee.vn
82.wav|Đằng sau những bức tường sơn vàng sạch đẹp của ngôi trường chuyên này, có những tiếng kêu cứu đang bị bóp nghẹt, và An Nhiên đã chọn thầy là người duy nhất để gửi gắm niềm hy vọng cuối cùng.
83.wav|Đêm đó, thầy Duy không ngủ.
84.wav|Thầy bắt đầu lên kế hoạch để tìm hiểu về cô học sinh tên Lan, nhưng phải làm sao để không khiến những "kẻ giấu mặt" trong bóng tối cảnh giác. audio này được tổng hợp từ công nghệ AI của Vbee.vn
85.wav|Sáng thứ Hai, bầu trời phía trên ngôi trường chuyên dường như cao và xanh hơn, nhưng trong lòng thầy Duy lại nặng trĩu một nỗi bất an không tên.
86.wav|Dòng chữ "Cứu Lan 12A4" hiện ra từ những nét gạch chân mong manh trong bài văn của An Nhiên cứ ám ảnh thầy suốt đêm trắng.
87.wav|Thầy bước vào lớp, ánh mắt vô thức tìm kiếm bóng dáng của Lan.
88.wav|Lan ngồi ở dãy bàn đầu tiên, ngay dưới tầm mắt của giáo viên.
89.wav|Cô học trò nhỏ bé ấy dường như đang cố gắng thu mình lại hết mức có thể.
90.wav|Đôi vai Lan hơi nhô lên, đầu cúi thấp đến mức tóc mai che khuất nửa khuôn mặt.
91.wav|Khi thầy Duy bước ngang qua để lên bục giảng, thầy nhận thấy đôi bàn tay Lan đang siết chặt lấy mép vở, những đầu ngón tay trắng bệch vì thiếu máu.
92.wav|Ngược lại với sự run rẩy của Lan, nhóm học sinh ngồi ở giữa lớp – những gương mặt luôn đại diện cho sự ưu tú và thành đạt – lại đang tươi cười rạng rỡ.
93.wav|Họ thảo luận về những chuyến du lịch và những điểm số cao ngất ngưỡng.
94.wav|Sự đối lập giữa vẻ rực rỡ của họ và sự héo hắt của Lan khiến thầy Duy cảm thấy lồng ngực mình thắt lại.
95.wav|Giờ giải lao, thầy Duy không về phòng hội đồng ngay.
96.wav|Thầy giả vờ đứng lại ở ban công hành lang, lén quan sát dòng người đi lại.
97.wav|Khi Lan vừa ôm cặp bước ra khỏi cửa lớp để đi về phía thư viện, ba học sinh khác – dẫn đầu bởi cô lớp trưởng xinh đẹp – cũng lặng lẽ bám theo.
98.wav|Thầy Duy giữ một khoảng cách đủ xa để không bị phát hiện. nền tảng chuyển đổi văn bản thành giọng nói Vbee.vn
99.wav|Đến khúc quanh của cầu thang dẫn xuống khu nhà chức năng, tiếng bước chân đột ngột dừng lại.
100.wav|Thầy Duy rón rén tiến gần, nép mình sau bức tường đá lạnh lẽo.
101.wav|Thầy nghe thấy những tiếng thầm thì, không phải là tiếng quát tháo hay chửi bới, mà là những lời mỉa mai được thốt ra với giọng điệu vô cùng lịch sự nhưng lại sắc lạnh như dao:
102.wav|"Lan ơi, bài kiểm tra sắp tới em biết mình phải làm gì rồi đúng không?
103.wav|Đừng để mọi người phải thất vọng về sự 'giúp đỡ' bấy lâu nay nhé."
104.wav|Lan không đáp lời, chỉ có tiếng nấc nghẹn bị kìm nén trong cổ họng.
105.wav|Thầy Duy không thể đứng yên được nữa, thầy hắng giọng một tiếng thật lớn rồi bước ra khỏi góc khuất.
106.wav|Ngay lập tức, bầu không khí thay đổi đến chóng mặt.
107.wav|Ba học sinh kia xoay người lại, gương mặt vừa rồi còn đầy vẻ đe dọa giờ đây đã được thay thế bằng những nụ cười lễ phép và sự ngây thơ hoàn hảo.
108.wav|"Ôi, thầy Duy!
109.wav|Thầy cũng xuống thư viện ạ?" Cô lớp trưởng nghiêng đầu, giọng nói ngọt ngào như mật.
110.wav|Thầy Duy nhìn xoáy vào mắt cô học trò ưu tú, giọng thầy trầm xuống: "Các em đang làm gì ở đây?"
111.wav|"Dạ, chúng em chỉ đang nhắc bạn Lan về lịch học nhóm chiều nay thôi ạ.
112.wav|Đúng không Lan?" Một học sinh khác lên tiếng, tay khẽ chạm vào vai Lan một cách thân thiết, nhưng thầy Duy thấy Lan khẽ rùng mình lùi lại. giọng đọc nhân tạo từ vbee.vn
113.wav|Lan vẫn cúi gằm mặt, đôi mắt dán chặt vào mũi giày, chỉ khẽ gật đầu một cách vô hồn. Vbee.vn giải pháp text to Speak hàng đầu Việt Nam
114.wav|Trong không gian hẹp của hành lang, sự im lặng bao trùm như một làn sương dày đặc.
115.wav|Đó không phải là sự im lặng của sự bình yên, mà là sự im lặng của nỗi sợ hãi đã bị đóng băng.
116.wav|"Các em về lớp đi, thầy có việc cần nói riêng với Lan," thầy Duy ra lệnh.
117.wav|Nhóm học sinh kia chào thầy rồi thong thả rời đi, tiếng cười nói lại vang lên như chưa từng có chuyện gì xảy ra.
118.wav|Khi bóng họ vừa khuất, thầy Duy định tiến lại gần Lan thì bất chợt cảm thấy một ánh mắt đang nhìn mình từ phía ban công tầng trên.
119.wav|Thầy ngước lên.
120.wav|Ở đó, An Nhiên đang tựa lưng vào lan can, đôi tay khoanh trước ngực.
121.wav|Cô học trò cá biệt không ngủ gật, cũng không đọc sách.
122.wav|Cô chỉ đứng đó, lặng lẽ quan sát toàn bộ sự việc.
123.wav|Ánh mắt cô lạnh lùng và đầy vẻ thử thách, như thể đang muốn hỏi: "Thầy đã thấy rồi đó, nhưng liệu thầy có dám làm gì không, hay cũng chỉ là một người qua đường như bao người khác?"
124.wav|An Nhiên không nói lời nào, cô chỉ khẽ nhếch môi rồi quay lưng bước vào bóng tối của hành lang tầng trên.
125.wav|Thầy Duy nhìn theo bóng dáng đơn độc ấy, rồi lại nhìn Lan đang đứng run rẩy trước mặt.
126.wav|Thầy hiểu rằng, những bức thư tố giác giấu trong tập bài tập không phải là trò đùa của một học sinh nghịch ngợm.
127.wav|Đó là một lời kêu cứu thực sự, một bài toán về đạo đức mà cuộc đời đang đặt lên bàn giáo viên của thầy.
128.wav|Hành lang trường học vẫn sạch đẹp, những tấm bằng khen vẫn treo trang trọng trên tường, nhưng thầy Duy biết, dưới lớp vỏ bọc hoàn hảo đó là những tiếng kêu cứu đang bị bóp nghẹt bởi sự im lặng đáng sợ.
129.wav|Không khí của lớp 12A4 sau sự việc của Lan dường như càng trở nên ngột ngạt hơn, dù bề ngoài vẫn là vẻ bình lặng đến lạ kỳ. vbee.vn giải pháp text to Speak hàng đầu Việt Nam
130.wav|Những nụ cười vẫn nở trên môi nhóm học sinh ưu tú, tiếng thảo luận bài vở vẫn vang lên đều đặn, nhưng thầy Duy cảm nhận rõ một bức tường ngăn cách vô hình đang được dựng lên xung quanh mình.
131.wav|Cuối giờ học Văn ngày thứ Sáu, An Nhiên chậm rãi bước lên bục giảng.
132.wav|Cô đặt một cuốn tập mỏng lên bàn, giọng nói vẫn giữ vẻ thản nhiên như thường lệ:
133.wav|"Thầy Duy, đây là bài tập bù cho tuần trước tôi còn nợ."
134.wav|Thầy Duy nhìn vào đôi mắt của An Nhiên.
135.wav|Có một điều gì đó trong ánh nhìn ấy như đang thúc giục, như đang thử thách sự kiên nhẫn của thầy.
136.wav|Thầy khẽ gật đầu, thu lấy cuốn tập và cất vào cặp.
137.wav|Tối hôm đó, thầy Duy dành sự ưu tiên tuyệt đối cho bài làm của An Nhiên.
138.wav|Đề bài là phân tích vẻ đẹp của lòng khát khao sống trong thơ Xuân Diệu.
139.wav|Thầy Duy mở trang giấy, và một lần nữa, thầy lại bị choáng ngợp bởi khả năng ngôn ngữ của cô học trò cá biệt.
140.wav|An Nhiên viết về "Vội vàng", về sự cuống quýt của nhà thơ trước bước đi của thời gian.
141.wav|Nhưng ở phần liên hệ thực tế, ngòi bút của cô đột ngột trở nên sắc lạnh và đầy ám ảnh.
142.wav|"Có những người vội vã không phải vì yêu cuộc sống, mà vội vã để che đậy những vết nứt trong linh hồn.
143.wav|Giống như một khu vườn rực rỡ sắc hoa nhưng bên dưới lớp đất màu mỡ lại là nơi trú ngụ của một con quái vật đội lốt thiên thần.
144.wav|Nó ăn mòn lòng tự trọng của người khác để nuôi béo sự kiêu hãnh giả tạo của chính mình."
145.wav|Thầy Duy dừng lại ở cụm từ "con quái vật đội lốt thiên thần".
146.wav|Thầy bắt đầu thực hiện lại thao tác cũ: tìm kiếm những dấu hiệu gạch chân.
147.wav|Lần này, An Nhiên không gạch chân từng chữ cái, mà cô dùng những nét chấm rất nhỏ dưới các danh từ riêng và các con số được lồng ghép khéo léo trong các câu thơ.
148.wav|Khi kết nối lại, thầy Duy bàng hoàng nhận ra đó là một danh sách: danh sách các mã đề kiểm tra toán và những con số tương ứng với điểm số của nhóm học sinh đứng đầu lớp.
149.wav|"Đây không chỉ là bắt nạt nữa," thầy Duy thì thầm với chính mình, đôi tay thầy hơi run lên.
150.wav|"Đây là một hệ thống gian lận có tổ chức."
151.wav|Lời tố cáo của An Nhiên vô cùng tinh vi.
152.wav|Cô ám chỉ rằng sự ưu tú của lớp 12A4 không hoàn toàn đến từ nỗ lực, mà đến từ một "thỏa thuận ngầm" nào đó.
153.wav|"Con quái vật" mà cô nhắc đến có lẽ chính là kẻ cầm đầu nhóm học sinh này, kẻ đã sử dụng quyền lực và sức ép tâm lý để bắt những người yếu thế như Lan phải phục tùng hoặc làm bia đỡ đạn cho những sai phạm. nội dung audio được sản xuất bởi vbee.vn
154.wav|Thầy Duy dựa lưng vào ghế, nhìn lên trần nhà.
155.wav|Thầy nhớ lại vẻ mặt tự tin đến mức kiêu ngạo của lớp trưởng lớp 12A4 – một học sinh luôn nhận được sự ưu ái tuyệt đối từ các giáo viên khác.
156.wav|Phải chăng đó chính là "thiên thần" mà An Nhiên đang nhắc tới?
157.wav|Sự thật mà An Nhiên phơi bày qua những dòng văn chương lộng lẫy kia quá nặng nề đối với một giáo viên trẻ.
158.wav|Nếu thầy công khai điều này mà không có bằng chứng xác thực, không chỉ sự nghiệp của thầy kết thúc, mà An Nhiên cũng sẽ gặp nguy hiểm thực sự.
159.wav|Cô học trò ấy đang đánh cược bằng cách đưa cho thầy chìa khóa của một chiếc hộp đen đầy rẫy những tiêu cực.
160.wav|Thầy Duy lấy bút đỏ, thay vì ghi nhận xét như thường lệ, thầy chỉ vẽ một hình tròn nhỏ bao quanh chữ "Tin" trong đoạn cuối bài văn của An Nhiên. giọng đọc nhân tạo từ vbee.vn
161.wav|Đó là câu trả lời của thầy.
162.wav|Thầy đã nhận được thông điệp, và thầy tin cô.
163.wav|Đêm đó, thầy Duy bắt đầu mở máy tính, không phải để soạn giáo án, mà để xâu chuỗi lại các sự kiện.
164.wav|Thầy nhận ra mình không thể chỉ là một người thầy dạy Văn thuần túy.
165.wav|Để bảo vệ những học trò như Lan và để xứng đáng với sự tin tưởng của An Nhiên, thầy phải trở thành một người điều tra trong bóng tối, bắt đầu từ những mắt xích nhỏ nhất trong cái hệ thống "hoàn hảo" nhưng đầy mục rỗng này.
166.wav|Sân trường hôm nay rộn ràng hơn hẳn mọi ngày.
167.wav|Những chiếc xe sang trọng nối đuôi nhau đậu kín cổng trường.
168.wav|Buổi họp phụ huynh đầu học kỳ của lớp 12A4 diễn ra trong một bầu không khí trang trọng đến mức cứng nhắc.
169.wav|Thầy Duy đứng trên bục giảng, nhìn xuống những gương mặt đại diện cho sự thành đạt và quyền lực của thành phố.
170.wav|Thầy Duy hiểu rằng, để bóc tách được sự thật mà An Nhiên đã gửi gắm, thầy không thể hành động bộc phát.
171.wav|Thầy chọn cách đóng vai một giáo viên trẻ mới ra trường, có chút lóng ngóng và luôn lắng nghe ý kiến của phụ huynh một cách cầu thị.
172.wav|Đây là vỏ bọc hoàn hảo để thầy quan sát "thế giới người lớn" đằng sau những điểm số của học trò.
173.wav|"Thầy Duy ạ, lớp 12A4 là bộ mặt của trường.
174.wav|Chúng tôi mong thầy chú trọng vào việc duy trì thành tích cho các con," cha của lớp trưởng – một người đàn ông có phong thái đĩnh đạc nhưng ánh mắt luôn toát ra sự áp đặt – lên tiếng. tạo giọng đọc chuyên nghiệp với vbee.vn
175.wav|Xung quanh ông, những phụ huynh khác gật đầu tán thưởng, tạo nên một vòng tròn đồng thuận đầy quyền uy. giọng đọc được tạo bởi vbee.vn
176.wav|Thầy Duy mỉm cười, ánh mắt khẽ lướt qua phía cuối phòng họp, nơi mẹ của Lan đang ngồi khép nép ở góc bàn.
177.wav|Bà ăn mặc giản dị, đôi bàn tay gầy guộc đan chặt vào nhau, ánh mắt lộ rõ vẻ lo âu khi nghe về những tiêu chuẩn thành tích cao ngất ngưỡng.
178.wav|Sự đối lập giữa hai hình ảnh ấy khiến thầy Duy cảm thấy nhói lòng.
179.wav|Sau buổi họp, thầy Duy không về ngay.
180.wav|Thầy nán lại ở hành lang, giả vờ kiểm tra lại sổ sách nhưng thực chất là để quan sát những cuộc đối thoại riêng tư.
181.wav|"Con phải giữ vững vị trí đó, không được để bất cứ ai vượt mặt," tiếng quát khẽ của một vị phụ huynh dành cho con mình ở góc cầu thang lọt vào tai thầy.
182.wav|Đứa trẻ ấy chỉ cúi đầu, đôi vai run lên bần bật.
183.wav|Đó chính là thực tế của cái gọi là "khát vọng tuổi trẻ" mà cả lớp đã viết trong bài văn tuần trước: một sự ép buộc đến kiệt sức.
184.wav|Thầy Duy bắt đầu ghi chép thầm lặng vào một cuốn sổ tay cá nhân.
185.wav|Thầy không ghi về điểm số, mà ghi về những mối liên kết.
186.wav|Thầy nhận ra nhóm học sinh ưu tú luôn nhận được những thông tin đặc biệt từ văn phòng hội đồng, và cha của lớp trưởng lại có mối quan hệ rất mật thiết với vị giáo viên kỳ cựu đang nắm giữ quyền quyết định đề thi của khối.
187.wav|Bất ngờ, một bóng dáng quen thuộc xuất hiện ở ban công tầng hai.
188.wav|Là An Nhiên.
189.wav|Cô không có phụ huynh đi họp, cũng không tham gia vào những nhóm bạn đang xì xào bàn tán.
190.wav|An Nhiên đứng đó, đơn độc giữa đám đông, đôi mắt lạnh lùng nhìn xuống sân trường như đang quan sát một vở kịch hài hước nhưng đầy cay đắng.tạo giọng đọc chuyên nghiệp với vbee.vn
191.wav|Ánh mắt của An Nhiên và thầy Duy chạm nhau giữa không trung.
192.wav|Cô không chào, cũng không tránh né.
193.wav|Cô chỉ khẽ nhếch môi, một nụ cười ẩn chứa sự mỉa mai như muốn hỏi: "Thầy đã thấy hết sự mục nát ở đây chưa?"
194.wav|Thầy Duy khẽ gật đầu với cô học trò.
195.wav|Cái gật đầu ấy thay cho một lời hứa.
196.wav|Thầy sẽ không chỉ là người đứng trên bục giảng để đọc những bài văn hay, thầy sẽ là người đi sâu vào bóng tối để tìm lại sự công bằng đã bị đánh cắp.
197.wav|Những bước chân của thầy Duy trên hành lang vắng lặng khi ra về mang theo một sức nặng mới.
198.wav|Thầy biết mình đang đối đầu với cả một mạng lưới lợi ích đan xen chặt chẽ.
199.wav|Nhưng mỗi dòng chữ kêu cứu của An Nhiên, mỗi ánh mắt sợ hãi của Lan là một động lực khiến thầy không thể lùi bước.
200.wav|Cuộc điều tra của kẻ hành pháp thầm lặng đã chính thức bắt đầu, không có kèn trống, không có sự ủng hộ công khai, chỉ có sự kiên định và một trái tim muốn bảo vệ học trò bằng mọi giá.
201.wav|Mưa mỗi lúc một nặng hạt, quất vào những tán lá phượng già tạo nên những âm thanh chát chúa.
202.wav|Sân trường vắng lặng, chỉ còn lại tiếng nước chảy ào ào từ các máng xối.
203.wav|Thầy Duy đứng ở hiên lớp học, tay cầm chiếc ô màu xám, ánh mắt kiên nhẫn nhìn về phía bóng dáng đơn độc đang đứng dưới mái hiên đối diện.
204.wav|An Nhiên không mang ô, cũng không có áo mưa.
205.wav|Cô đứng đó, đôi mắt nhìn đăm đăm vào màn mưa trắng xóa, đôi vai hơi co lại vì cái lạnh bắt đầu thấm qua lớp áo đồng phục mỏng. audio này được tổng hợp từ công nghệ AI của vbee.vn
206.wav|"An Nhiên, em cầm lấy chiếc ô này mà về.
207.wav|Đứng đây lâu sẽ bị cảm lạnh đấy," Thầy Duy bước tới, giọng nói ấm áp vang lên giữa tiếng mưa.
208.wav|An Nhiên không quay đầu lại, môi cô khẽ nhếch lên một nụ cười đầy mỉa mai: "Thầy Duy không cần phải đóng vai người thầy nhân hậu ở đây.
209.wav|Trường học này không có khán giả đâu."
210.wav|Thầy Duy không hề tự ái.
211.wav|Thầy bước lại gần hơn, che chiếc ô cho cả hai: "Thầy không đóng kịch.
212.wav|Thầy ở lại vì muốn hỏi em về bài văn hôm trước.
213.wav|Về 'khu vườn mục nát' mà em đã miêu tả."
214.wav|Câu nói của Thầy Duy khiến An Nhiên khựng lại.
215.wav|Cô quay sang nhìn thầy, ánh mắt sắc lẹm như muốn xuyên thấu tâm can đối phương: "Thầy đọc rồi sao?
216.wav|Thầy thấy nó thế nào?
217.wav|Có phải rất khó nghe, rất phản cảm không?"
218.wav|"Không," Thầy Duy nhìn thẳng vào mắt cô, giọng nói trở nên nghiêm túc.
219.wav|"Nó rất thật.
220.wav|Và vì nó quá thật nên nó mới khiến người ta sợ hãi.
221.wav|Thầy đã đọc được tất cả những gì em giấu sau những con chữ đó.
222.wav|Thầy biết em đang cố gắng vạch trần những điều xấu xa đang diễn ra trong lớp học này."
223.wav|An Nhiên khẽ rùng mình.
224.wav|Lần đầu tiên, lớp vỏ bọc bất cần của cô bị lung lay. giọng đọc được tạo bởi vbee.vn
225.wav|Cô lùi lại một bước, giọng nói run run nhưng vẫn cố tỏ ra cứng cỏi: "Thầy biết thì đã sao?
226.wav|Một giáo viên trẻ như thầy thì làm được gì?
227.wav|Thầy có biết những kẻ đứng sau chuyện này là ai không?
228.wav|Họ có quyền lực, có tiền bạc.
229.wav|Thầy chỉ là một hạt cát thôi, đừng tự chuốc họa vào thân."
230.wav|Thầy Duy tiến lên một bước, thu hẹp khoảng cách.
231.wav|Ánh nhìn của thầy không còn là sự bao dung đơn thuần, mà là sự kiên định của một người bảo vệ: "Có lẽ thầy chỉ là một hạt cát, nhưng nhiều hạt cát có thể tạo nên một sa mạc.
232.wav|An Nhiên, văn chương của em rất đẹp.
233.wav|Nó sắc sảo và mạnh mẽ vô cùng.
234.wav|Nhưng thầy muốn nói với em một điều..."
235.wav|Thầy dừng lại một chút, để những lời tiếp theo thấm sâu vào không gian: "Ngôn từ của em không nên chỉ được dùng để tố cáo hay vạch trần cái xấu.
236.wav|Nó còn có một sứ mệnh cao cả hơn, đó là chữa lành.
237.wav|Em dùng văn chương làm vũ khí để chiến đấu, điều đó không sai.
238.wav|Nhưng đừng để lòng thù hận làm mờ đi vẻ đẹp trong tâm hồn em.
239.wav|Hãy dùng nó để bảo vệ những người như Lan, và để chữa lành cho chính những thương tổn mà em đang gánh chịu."
240.wav|An Nhiên đứng lặng đi.
241.wav|Những lời của Thầy Duy như một luồng điện chạy dọc sống lưng cô.
242.wav|Từ trước đến nay, người ta chỉ thấy cô là một học sinh hư hỏng, một kẻ nổi loạn.
243.wav|Chưa một ai nói với cô rằng tâm hồn cô đẹp, chưa một ai bảo cô hãy dùng tài năng để chữa lành.
244.wav|Dưới màn mưa trắng xóa, An Nhiên bỗng thấy mắt mình cay xè.
245.wav|Cô giật lấy chiếc ô từ tay Thầy Duy, không nói một lời nào rồi lao nhanh vào màn mưa.
246.wav|Thầy Duy đứng đó, nhìn theo bóng dáng gầy gò của cô học trò khuất dần sau cổng trường.
247.wav|Thầy biết mình đã chạm đến được góc khuất nhất trong trái tim An Nhiên. audio này được tổng hợp từ công nghệ AI của vbee.vn
248.wav|Cô có thể chạy trốn khỏi thầy, nhưng cô không thể chạy trốn khỏi những sự thật mà thầy vừa khơi gợi.
249.wav|Cuộc đối thoại dưới mưa hôm nay không chỉ là sự trao đổi về văn chương, mà là lời tuyên chiến thầm lặng đối với sự bất công, và là lời hứa đồng hành giữa một người thầy và một học sinh đang lạc lối.
250.wav|Gió lạnh thổi qua, nhưng trong lòng Thầy Duy lại nhen nhóm một ngọn lửa ấm áp.
251.wav|Thầy tin rằng, những bài văn tiếp theo của An Nhiên sẽ không còn chỉ là những lời tố cáo cay nghiệt, mà sẽ là những tia sáng đầu tiên báo hiệu sự thay đổi của lớp 12A4.
252.wav|Phòng hội đồng vào giờ nghỉ trưa tĩnh lặng đến mức nghe rõ cả tiếng vo ve của chiếc quạt trần cũ kỹ.
253.wav|Không gian nơi đây luôn mang một mùi đặc trưng: mùi của giấy tờ lưu trữ lâu ngày, mùi gỗ mộc và cả sự uy nghiêm có phần áp chế.
254.wav|Thầy Duy đứng trước tủ kính đựng hồ sơ học tập của khối mười hai, đôi tay khẽ siết chặt tập giáo án.
255.wav|Thầy đang tìm kiếm một sự xác nhận.
256.wav|Những con số mà An Nhiên ám chỉ trong bài văn cần được đối chiếu với sổ điểm gốc.
257.wav|"Thầy Duy đang tìm gì ở đó vậy?"
258.wav|Một giọng nói trầm đục, lạnh lẽo vang lên từ phía sau khiến Thầy Duy giật mình.
259.wav|Thầy quay lại và bắt gặp ánh mắt sắc lẹm của Thầy Mạnh – người được mệnh danh là "vị bạo chúa mặt lạnh" của tổ tự nhiên, đồng thời cũng là người nắm giữ quyền quyết định các kỳ thi sát hạch của trường.
260.wav|Thầy Mạnh đứng đó, tay cầm một tách trà bốc khói, gương mặt không một chút biểu cảm. trải nghiệm công nghệ giọng nói AI tại vbee.vn
261.wav|Những nếp nhăn nơi khóe mắt ông không mang lại cảm giác hiền hậu mà giống như những rãnh sâu chứa đựng sự tính toán lâu đời.
262.wav|"Dạ, em định kiểm tra lại một chút về điểm số môn Văn của lớp chủ nhiệm để chuẩn bị cho kỳ thi sắp tới ạ," Thầy Duy cố giữ giọng bình tĩnh, nụ cười lễ phép thường trực trên môi.
263.wav|Thầy Mạnh chậm rãi bước lại gần, mỗi bước chân nện xuống sàn gỗ đều tạo ra một âm thanh khô khốc.
264.wav|Ông nhìn lướt qua ngăn tủ mà Thầy Duy vừa chạm vào, rồi nhìn xoáy vào mắt người đồng nghiệp trẻ. giọng đọc được tạo bởi vbee.vn
265.wav|"Điểm số là kết quả của sự nỗ lực.
266.wav|Lớp 12A4 là niềm tự hào của trường, thầy không nên lãng phí thời gian vào những việc vô ích.
267.wav|Thay vào đó, tôi thấy thầy đang dành quá nhiều sự quan tâm cho những học sinh không có tương lai."
268.wav|Thầy Duy khẽ nhíu mày: "Thầy đang nói đến An Nhiên sao ạ?"
269.wav|Thầy Mạnh đặt tách trà xuống bàn một cách dứt khoát, tiếng sứ chạm gỗ vang lên chát chúa.
270.wav|"An Nhiên là một học sinh cá biệt.
271.wav|Sự có mặt của em ta là một sai lầm trong bảng thành tích của lớp 12A4.
272.wav|Tôi nghe nói thầy còn bao che, thậm chí khen ngợi những bài viết mang tư tưởng tiêu cực của em ta?"
273.wav|Bầu không khí trong phòng hội đồng bỗng chốc trở nên ngột ngạt. tạo giọng đọc chuyên nghiệp với vbee.vn
274.wav|Thầy Duy cảm nhận được một áp lực vô hình đang đè nặng lên vai mình.
275.wav|Đây không đơn thuần là lời khuyên của tiền bối, mà là một lời cảnh cáo ngầm.
276.wav|"Thưa Thầy Mạnh, em tin rằng không có học sinh nào là không có tương lai, chỉ có những người thầy từ bỏ các em quá sớm thôi.
277.wav|An Nhiên có cái nhìn rất sâu sắc về thực tế," Thầy Duy kiên định đáp lại, đôi mắt không hề né tránh.
278.wav|Thầy Mạnh khẽ nhếch môi, nụ cười không chạm tới ánh mắt.
279.wav|"Nhiệt huyết là tốt, nhưng sự ngây thơ thì có hại.
280.wav|Ở ngôi trường này, sự ổn định và thành tích là trên hết.
281.wav|Nếu thầy cứ tiếp tục đi sâu vào những chuyện không thuộc phận sự của mình, tôi sợ rằng ngay cả vị trí hiện tại thầy cũng khó lòng giữ vững."
282.wav|Nói xong, Thầy Mạnh quay lưng bước đi, để lại một cái bóng dài đổ trên mặt sàn.
283.wav|Thầy Duy đứng lặng, tim đập nhanh vì sự căng thẳng vừa trải qua.
284.wav|Thầy nhận ra một chi tiết quan trọng: trên bàn của Thầy Mạnh có một danh sách khen thưởng, và cái tên đứng đầu chính là lớp trưởng lớp 12A4 – người mà An Nhiên đã ám chỉ là "con quái vật đội lốt thiên thần".
285.wav|Sự liên kết đã rõ ràng.
286.wav|Thầy Mạnh không chỉ là một giáo viên nghiêm khắc, ông chính là người bảo trợ cho hệ thống thành tích giả tạo này.
287.wav|Những lời cảnh cáo của ông càng khẳng định rằng Thầy Duy đang đi đúng hướng.
288.wav|Thầy Duy rời khỏi phòng hội đồng, lòng trĩu nặng nhưng ý chí lại càng thêm đanh thép.
289.wav|Thầy biết mình vừa chính thức chạm tay vào mắt xích đầu tiên của một bộ máy quyền lực.
290.wav|Cuộc chiến này không còn là chuyện riêng của một học sinh cá biệt, mà là cuộc chiến để lấy lại danh dự cho hai chữ "nhà giáo" mà thầy đang mang trên mình.
291.wav|Sáng thứ Hai đầu tuần, không khí lớp 12A4 bao trùm bởi một sự căng thẳng tột độ. giọng đọc nhân tạo từ vbee.vn
292.wav|Không còn những tiếng cười đùa, thay vào đó là những ánh mắt dò xét, kỳ thị đổ dồn về phía Lan.
293.wav|Một sự việc chấn động vừa xảy ra: số tiền quỹ lớp chuẩn bị cho đợt tham quan cuối năm đã không cánh mà bay khỏi tủ đồ cá nhân của thủ quỹ.
294.wav|Và "tang vật" – một phần số tiền bị mất – lại được tìm thấy ngay trong ngăn bàn của Lan.
295.wav|Thầy Duy bước vào lớp, nhìn thấy Lan đang gục đầu xuống bàn khóc nức nở, trong khi nhóm học sinh ưu tú đứng xung quanh với vẻ mặt đầy chính nghĩa, không ngừng buông những lời mỉa mai.
296.wav|"Thầy xem, chúng em đã tin tưởng bạn ấy như vậy mà..." Lớp trưởng thở dài, vẻ mặt đầy thất vọng nhưng trong đáy mắt lại thoáng hiện một tia đắc thắng.
297.wav|Thầy Duy không vội vã đưa ra kết luận.
298.wav|Thầy yêu cầu cả lớp giữ trật tự và bắt đầu tiết học Văn như bình thường.
299.wav|Tuy nhiên, khi đi ngang qua bàn của An Nhiên, thầy thấy cô đang thong dong xé một mẩu giấy nhỏ từ cuốn vở nháp, vò nát rồi ném vào ngăn bàn giáo viên khi thầy vừa quay đi.
300.wav|Sau tiết học, khi học sinh đã ra sân tập thể dục, thầy Duy quay lại bàn giáo viên.
301.wav|Thầy thò tay vào sâu trong hốc bàn, chạm phải những mảnh giấy nhỏ bị vò nát.
302.wav|Thầy cẩn thận vuốt phẳng chúng ra.
303.wav|Không có một lời tố cáo trực tiếp nào, chỉ có những dòng trích dẫn từ các tác phẩm văn học kinh điển được chép lại một cách nắn nót. giải pháp chuyển văn bản thành giọng nói hàng đầu Việt Nam từ vbee.vn
304.wav|Mảnh giấy đầu tiên ghi một đoạn trong truyện ngắn "Chiếc vòng cổ" của nhà văn Guy de Maupassant: "Một sự nhầm lẫn về giá trị có thể phá hủy cả một cuộc đời."
305.wav|Mảnh giấy thứ hai là một đoạn phân tích về nhân vật Thị Kính: "Nỗi oan khuất không nằm ở cái lưỡi của kẻ vu khống, mà nằm ở sự mù quáng của những người đứng xem."
306.wav|Và mảnh giấy cuối cùng, quan trọng nhất, chỉ vỏn vẹn một dòng địa chỉ: "Phía sau bảng tin cuối hành lang - 10 giờ 15 phút tối thứ Sáu."
307.wav|Thầy Duy đứng lặng người.
308.wav|An Nhiên đang dùng văn học để gửi đi một thông điệp vô cùng sâu sắc.
309.wav|Qua hình ảnh "Chiếc vòng cổ", cô muốn ám chỉ rằng số tiền được tìm thấy trong ngăn bàn của Lan chỉ là cái bẫy, là một vật giả tạo để dẫn dụ mọi người đến một kết luận sai lầm.
310.wav|Cô đang nhắc nhở thầy về "Nỗi oan Thị Kính" – một sự dàn dựng tinh vi để đẩy kẻ yếu vào đường cùng.
311.wav|Thầy Duy khẽ thở dài, nhìn ra phía cửa sổ.
312.wav|Ánh nắng gay gắt của buổi trưa chiếu rọi lên những dãy bàn ghế ngay ngắn, nhưng thầy biết, dưới sự ngăn nắp đó là những âm mưu bẩn thỉu đang được vận hành. nội dung audio được sản xuất bởi vbee.vn
313.wav|Tại sao An Nhiên lại biết trước điều này?
314.wav|Và tại sao cô lại chọn mốc thời gian tối thứ Sáu?
315.wav|Thầy Duy cẩn thận kẹp những mảnh giấy vào giữa cuốn sổ tay của mình.
316.wav|Thầy nhìn xuống chỗ ngồi của Lan, nơi vẫn còn vương lại những giọt nước mắt trên mặt gỗ.
317.wav|Sự đối lập giữa vẻ mặt thánh thiện của những "học sinh ưu tú" và nỗi đau đớn tột cùng của một cô gái vô tội khiến lòng thầy thắt lại.
318.wav|Thầy Duy nhận ra rằng, nếu thầy không hành động theo chỉ dẫn của An Nhiên, Lan sẽ mãi mãi mang danh kẻ trộm, và sự nghiệp học hành của cô bé sẽ chấm dứt tại đây.
319.wav|Nhưng hành động vào ban đêm tại trường là một việc làm đầy rủi ro.
320.wav|Nếu bị phát hiện, thầy sẽ bị cáo buộc là xâm nhập bất hợp pháp.
321.wav|"Thầy tin em, An Nhiên," Thầy Duy thì thầm.
322.wav|Thầy quyết định sẽ đi theo những gợi ý này.
323.wav|Những mảnh giấy trong ngăn bàn không chỉ là manh mối, chúng là bài kiểm tra về lòng dũng cảm mà An Nhiên dành cho thầy. giải pháp chuyển văn bản thành giọng nói hàng đầu Việt Nam từ vbee.vn
324.wav|Liệu thầy giáo trẻ có dám bước ra khỏi ranh giới an toàn của một viên chức để bảo vệ công lý, hay sẽ nhắm mắt làm ngơ trước sự bất công đang hiện hữu ngay trước mắt?
325.wav|Thầy Duy rời khỏi lớp học với một kế hoạch đang dần hình thành trong đầu.
326.wav|Cuộc chơi này đã nâng lên một tầm cao mới, nơi những trang văn không còn nằm trên giấy mà đang được viết bằng chính vận mạng của những con người trong ngôi trường này.
327.wav|Mười giờ mười lăm phút tối thứ Sáu.
328.wav|Ngôi trường vốn dĩ oai nghiêm ban ngày giờ đây hiện lên như một khối kiến trúc khổng lồ, sừng sững và lạnh lẽo dưới ánh trăng mờ đục.
329.wav|Thầy Duy ép mình vào bóng tối của dãy hành lang tầng trệt, tim đập thình thịch trong lồng ngực.
330.wav|Tiếng bước chân tuần tra của bác bảo vệ xa dần về phía cổng chính, để lại một không gian tĩnh lặng đến mức thầy có thể nghe rõ tiếng hơi thở của chính mình.
331.wav|Theo chỉ dẫn trong mảnh giấy của An Nhiên, thầy Duy lần mò đến khu vực phía sau bảng tin cuối hành lang.
332.wav|Ở đó, khuất sau một tấm bảng thông báo cũ kỹ là một lối đi nhỏ dẫn về phía phòng lưu trữ hồ sơ của tổ tự nhiên – nơi Thầy Mạnh quản lý.
333.wav|Thầy Duy rút chiếc đèn pin nhỏ ra, ánh sáng yếu ớt quét qua ổ khóa.
334.wav|Thầy lấy chìa khóa dự phòng mà mình đã mượn được từ phòng hành chính với lý do "kiểm tra lại hồ sơ thi đua của lớp".
335.wav|Tay thầy hơi run khi tra chìa vào ổ.
336.wav|Một tiếng "cạch" khô khốc vang lên giữa đêm vắng khiến thầy giật mình lùi lại, nhưng may mắn là không có ai nghe thấy.
337.wav|Bên trong phòng lưu trữ, mùi giấy cũ và bụi bặm xộc lên mũi.
338.wav|Thầy Duy nhanh chóng tiến về phía tủ hồ sơ lớp 12A4.
339.wav|Thầy mở ngăn kéo đựng sổ điểm gốc và các bài kiểm tra sát hạch định kỳ. giọng đọc nhân tạo từ vbee.vn
340.wav|Thầy lật từng trang, mắt quét qua danh sách học sinh.
341.wav|Tại đây, sự đối lập mà An Nhiên từng nhắc đến hiện lên rõ mọt hơn bao giờ hết.
342.wav|Thầy Duy lấy ra bài kiểm tra Toán gần nhất của Lan – cô học trò nhỏ bé đang bị bủa vây bởi oan ức.
343.wav|Bài làm của Lan đầy rẫy những vết gạch xóa, nỗ lực giải quyết các bài toán khó nhưng kết quả cuối cùng chỉ là một con số năm khiêm tốn.
344.wav|Ngay sau đó, thầy lật đến bài làm của lớp trưởng và nhóm học sinh ưu tú.
345.wav|Dưới ánh đèn pin cầm tay, thầy Duy bàng hoàng nhận ra sự thật.
346.wav|Những bài làm này có những bước giải vô cùng sơ sài, thậm chí có những lỗi sai cơ bản, nhưng kết quả cuối cùng vẫn là điểm mười tròn trịa, đỏ chót.
347.wav|Đáng sợ hơn, ở góc mỗi trang giấy đều có một ký hiệu nhỏ bằng bút chì, giống hệt ký hiệu mà thầy Mạnh đã dùng trên danh sách khen thưởng trong phòng hội đồng.
348.wav|Thầy Duy lấy điện thoại ra, bắt đầu chụp lại những bằng chứng thép này.
349.wav|Thầy đối chiếu tên của những học sinh được nâng điểm với danh sách phụ huynh đã xuất hiện trong buổi họp hôm trước. giọng nói AI từ vbee.vn
350.wav|Tất cả đều là con em của những người có sức ảnh hưởng, những người đã lớn tiếng yêu cầu thầy phải "duy trì thành tích".
351.wav|"Hóa ra, thành tích của lớp 12A4 được xây dựng trên sự gian dối và máu thịt của những học sinh không có quyền thế," thầy Duy thì thầm, lòng dâng lên một nỗi phẫn uất tột cùng.
352.wav|Đúng lúc đó, một tiếng động lạ vang lên phía ngoài cửa sổ.
353.wav|Thầy Duy vội vã tắt đèn pin, nấp sau chiếc tủ gỗ lớn.
354.wav|Qua khe cửa, thầy thấy một bóng dáng gầy gò đang đứng ở sân trường.
355.wav|Là An Nhiên.
356.wav|Cô không vào trong, chỉ đứng đó như một người lính gác thầm lặng, đôi mắt nhìn chằm chằm về phía văn phòng hiệu bộ.
357.wav|An Nhiên dường như biết thầy đang ở bên trong.
358.wav|Cô khẽ đưa tay lên, làm một ký hiệu chỉ về hướng cổng sau rồi biến mất vào bóng tối.
359.wav|Thầy Duy hiểu ý, nhanh chóng sắp xếp lại hồ sơ như cũ, khóa cửa và rời đi theo lối thoát hiểm phía sau.
360.wav|Về đến căn phòng trọ nhỏ, thầy Duy không thể nào chợp mắt.
361.wav|Thầy ngồi trước những bức ảnh vừa chụp được, đối diện với những con số vô hồn nhưng chứa đựng đầy rẫy sự bất công.
362.wav|Một bên là sự nghiệp vừa mới bắt đầu, một bên là danh dự của nghề giáo và tương lai của những học sinh bị chà đạp.
363.wav|Thầy nhớ lại dòng chữ "Cứu Lan" trong bài văn của An Nhiên.
364.wav|Giờ đây, thầy đã hiểu Lan chỉ là một nạn nhân nhỏ trong một âm mưu lớn hơn.
365.wav|Để cứu Lan, thầy phải lật đổ cả một hệ thống giả tạo đã tồn tại từ lâu tại ngôi trường này. giọng nói AI từ vbee.vn
366.wav|Đêm trắng trôi qua trong sự im lặng đáng sợ.
367.wav|Khi ánh bình minh đầu tiên rạng rỡ phía chân trời, thầy Duy đã đưa ra quyết định của mình.
368.wav|Thầy sẽ không im lặng.
369.wav|Thầy sẽ dùng chính những con số này để đòi lại công lý cho học trò, dù cái giá phải trả có là gì đi chăng nữa.
370.wav|Chiều thứ Bảy, sân trường vắng lặng đến tê người.
371.wav|Những dải nắng cuối ngày yếu ớt hắt lên những bức tường vàng rêu phong, tạo nên những cái bóng dài hun hút.
372.wav|Thầy Duy vừa rời khỏi văn phòng sau một cuộc họp căng thẳng với tổ bộ môn thì chợt nhận ra mình để quên chìa khóa phòng trọ trong ngăn bàn giáo viên.
373.wav|Thầy quay trở lại dãy nhà học chính.
374.wav|Khi bước qua cầu thang dẫn lên sân thượng của thư viện cũ – một khu vực vốn đã bị phong tỏa để chờ sửa chữa – thầy khựng lại bởi một âm thanh lạ.
375.wav|Đó là tiếng nấc nghẹn ngào, đứt quãng, xen lẫn tiếng gió rít qua khe cửa gỗ mục nát.
376.wav|Trực giác của một người thầy mách bảo có chuyện chẳng lành, Thầy Duy vội vã chạy lên những bậc thang bám đầy bụi.
377.wav|Khi cánh cửa sân thượng mở toang, một cảnh tượng kinh hoàng đập vào mắt thầy. vbee.vn giải pháp text to Speak hàng đầu Việt Nam
378.wav|Lan đang đứng chênh vênh trên mép lan can gạch cũ kỹ.
379.wav|Đôi mắt cô học trò nhỏ sưng húp vì khóc quá nhiều, ánh nhìn đờ đẫn hướng về khoảng không vô định phía dưới.
